NU_NOTA_MT,NU_NOTA_CN,NU_NOTA_CH,NU_NOTA_LC,ACERTOS_MT,ACERTOS_CN,ACERTOS_CH,ACERTOS_LC
372.6,500.1,425.4,518.4,3,13,12,5
373.3,389.9,534.3,552.4,3,9,21,11
374.8,411.7,391.3,482.4,5,8,10,9
375.3,380.2,440.7,413.0,6,8,10,11
376.1,476.5,377.5,382.2,3,11,8,8
378.0,475.3,445.4,560.9,5,14,10,9
378.0,477.5,503.1,500.8,4,13,18,5
378.0,507.1,597.9,578.4,7,13,28,16
378.6,376.1,513.5,514.8,6,9,17,7
378.6,508.7,531.1,514.1,5,13,21,12
379.2,397.9,379.7,404.9,4,10,11,11
379.2,424.1,441.0,439.3,6,11,12,10
379.3,387.0,408.6,456.6,4,7,11,14
379.6,416.4,441.2,404.1,6,10,13,11
379.9,504.7,566.2,517.4,6,13,25,15
381.7,476.4,474.1,444.6,5,13,14,7
382.2,426.2,392.0,429.2,5,10,8,7
383.3,489.2,516.0,553.3,4,13,18,15
384.1,409.2,449.8,405.8,4,5,13,9
384.2,483.4,453.0,455.8,8,16,12,9
384.4,371.3,347.0,475.4,9,8,10,13
385.0,376.7,485.6,457.1,11,6,14,8
386.0,470.9,477.3,475.0,8,9,14,9
386.6,445.7,505.4,530.3,4,11,17,9
386.8,492.2,518.7,563.8,5,11,18,12
387.1,434.7,431.4,521.0,6,14,9,16
387.3,576.8,582.5,581.1,12,21,25,14
387.4,505.2,442.0,574.4,9,13,12,9
387.5,393.2,441.7,526.3,5,8,13,14
387.7,570.8,603.7,644.3,6,16,28,13
388.0,374.6,372.5,474.2,5,9,8,8
388.2,598.5,503.7,556.5,7,23,17,6
388.3,421.9,332.0,382.5,5,8,8,13
388.3,366.8,499.5,554.2,6,6,20,10
389.1,373.5,452.4,317.8,5,6,13,8
389.4,417.9,405.2,477.9,9,9,7,9
390.0,430.7,424.0,467.3,7,10,9,11
390.6,418.6,479.4,503.5,9,12,15,12
390.7,372.0,448.2,462.9,4,7,14,12
391.1,473.5,448.4,461.6,7,12,14,13
391.5,430.3,553.1,489.4,8,8,22,14
391.6,463.6,496.4,478.3,10,14,16,7
392.3,459.3,505.4,516.9,5,10,16,11
392.6,377.2,504.2,433.8,7,8,16,8
393.7,344.8,381.7,509.7,8,5,9,14
393.8,427.2,539.8,560.5,9,11,20,12
393.8,425.5,508.5,492.6,9,9,17,14
394.0,377.0,394.0,373.5,7,7,9,10
394.4,409.5,490.7,497.0,6,8,18,7
395.3,493.5,525.4,480.2,6,12,20,4
396.0,498.4,424.2,520.5,8,8,10,8
396.4,394.0,353.6,396.7,7,5,9,10
397.6,402.0,392.6,490.3,6,7,10,8
397.8,445.2,508.3,491.6,5,8,16,7
398.0,390.7,509.4,506.1,11,8,17,10
398.0,457.4,561.4,486.9,7,8,24,10
398.4,421.5,325.3,470.6,2,8,6,12
399.0,365.0,471.2,524.8,7,7,14,13
399.1,404.5,429.4,467.7,8,10,9,8
399.8,450.4,480.1,442.5,6,7,17,8
400.1,392.6,332.6,438.5,5,8,6,7
400.2,423.6,544.1,499.1,8,13,20,9
400.6,355.6,504.4,425.5,9,6,15,16
401.0,453.6,514.1,465.9,10,9,17,12
401.0,442.4,565.1,540.0,7,9,23,7
401.1,370.3,434.0,309.8,9,4,11,14
401.3,494.1,537.9,548.1,9,11,22,13
402.7,423.8,392.9,452.1,9,11,10,13
403.3,497.4,451.5,529.2,11,13,12,12
403.6,462.2,535.7,509.3,8,12,21,9
404.0,443.7,391.0,508.2,8,10,7,7
404.2,381.3,441.6,443.7,6,4,12,13
404.8,353.4,462.9,460.5,7,6,13,8
404.8,423.2,374.7,456.3,9,12,10,9
404.8,394.7,442.4,379.4,12,7,11,11
407.0,537.8,482.4,471.2,5,16,13,10
408.2,488.0,581.9,518.1,8,12,24,14
408.4,529.0,510.7,498.0,10,17,17,10
408.5,407.6,469.9,501.0,7,11,12,6
409.0,463.5,349.5,463.7,9,10,10,12
409.1,375.0,284.9,362.3,8,9,2,11
409.2,372.2,469.5,456.4,7,8,12,13
409.3,460.4,451.8,492.6,5,10,14,4
409.5,392.7,487.5,528.3,10,8,17,6
409.6,461.9,526.2,512.1,12,8,18,12
411.1,385.4,447.6,469.2,7,9,12,11
411.2,371.0,397.0,405.2,6,4,11,8
411.7,347.4,405.6,367.4,7,5,11,13
412.1,528.5,429.1,536.5,8,15,12,12
412.3,422.2,430.6,480.2,7,10,13,11
412.6,525.2,447.8,525.7,7,16,12,10
412.6,428.1,383.9,394.8,9,9,13,8
413.2,440.4,511.2,538.5,10,7,16,12
413.9,394.9,413.7,495.8,11,8,13,15
414.5,407.9,563.9,553.8,6,10,23,7
415.3,383.6,393.4,403.7,5,8,9,7
415.4,478.6,492.1,547.5,11,10,16,6
415.5,387.2,521.5,536.7,9,9,18,7
415.8,484.9,492.0,528.6,6,11,16,9
416.4,412.5,412.4,512.2,11,9,13,13
416.7,522.9,451.3,521.2,7,15,14,11
417.3,442.7,533.0,504.0,6,8,20,8
417.3,364.2,394.5,455.8,3,5,9,13
418.0,467.0,368.8,423.4,7,12,6,9
418.0,555.3,455.0,580.3,10,14,14,5
418.8,569.1,452.4,570.2,8,17,13,10
419.3,471.5,416.7,428.5,10,9,12,12
419.3,530.2,508.7,536.3,6,14,17,12
419.5,493.2,522.8,477.7,11,14,21,14
420.2,429.9,529.0,466.5,8,15,19,7
420.3,452.8,449.6,496.2,9,13,14,9
420.7,513.7,490.2,509.0,8,14,16,9
420.9,457.4,502.8,553.6,9,11,16,11
421.0,446.2,409.4,413.1,10,9,9,11
421.0,420.1,535.4,483.7,9,10,21,11
421.3,406.3,369.5,458.0,7,8,11,9
421.4,461.0,479.5,457.0,6,10,16,12
421.4,381.0,406.9,462.5,11,6,8,10
421.9,562.0,491.4,498.6,10,15,16,14
422.2,360.4,426.6,496.2,7,7,12,10
422.4,436.2,522.8,540.4,7,12,20,10
422.5,496.9,502.2,451.3,8,11,18,5
422.8,477.9,414.2,469.5,7,8,10,9
422.9,405.8,424.8,434.9,7,12,12,6
422.9,576.2,434.6,447.9,10,20,9,10
423.0,588.0,566.2,574.8,9,20,23,14
423.6,461.9,505.1,482.3,7,10,18,10
423.8,436.3,544.0,492.1,4,10,22,13
424.0,608.4,494.3,499.1,3,21,16,12
424.0,535.1,384.6,513.3,6,15,10,12
424.3,535.7,572.3,565.8,6,14,23,14
424.4,551.0,538.4,522.9,9,16,20,10
425.0,392.9,548.8,534.0,5,9,20,13
425.0,469.8,432.9,524.8,8,14,11,12
425.2,394.0,429.7,508.4,10,10,8,12
425.5,392.7,505.6,481.0,7,9,17,15
425.6,479.1,407.4,475.1,8,11,9,8
425.8,415.4,566.1,525.2,10,8,24,12
426.3,495.0,555.6,516.7,7,13,21,12
426.6,572.6,532.7,528.7,7,18,22,13
426.8,392.4,487.8,473.6,8,10,15,10
428.3,552.2,430.3,531.9,7,20,12,15
428.5,434.0,346.4,483.0,8,9,6,9
428.5,440.9,523.7,544.7,8,8,21,8
428.7,449.9,582.8,543.4,10,10,29,11
429.6,459.3,459.4,469.3,10,10,13,11
430.5,508.4,554.5,535.1,10,15,22,9
430.6,482.0,543.1,536.3,8,9,23,13
431.6,503.3,459.3,554.8,8,10,16,12
431.6,476.9,471.7,535.4,8,12,12,8
432.0,428.5,582.1,571.2,11,8,26,12
432.3,429.1,445.1,514.5,6,12,11,11
433.9,486.6,390.0,451.9,10,13,10,15
434.3,503.6,572.2,553.4,10,14,25,6
434.6,569.9,504.0,521.8,9,18,16,10
435.6,468.9,386.4,528.0,6,12,12,6
436.6,423.2,461.8,488.2,9,9,13,9
436.7,393.0,518.3,470.9,6,10,17,9
436.8,444.3,566.3,538.5,7,11,22,10
437.1,383.7,475.2,555.0,6,7,12,11
437.7,505.5,479.6,476.0,8,13,16,13
437.8,478.2,536.9,576.5,9,10,20,10
438.0,384.0,396.0,429.8,8,6,9,13
438.1,499.8,537.6,523.1,11,12,22,8
438.3,436.9,395.5,394.7,9,9,11,15
438.9,451.1,404.8,510.2,9,11,8,11
439.3,371.6,531.8,496.8,6,4,22,8
440.0,461.9,539.2,527.4,10,12,23,8
440.3,430.7,483.0,469.4,8,8,15,11
441.1,398.8,431.9,490.8,9,11,12,13
441.4,473.1,524.1,511.9,10,12,18,12
442.2,375.4,539.5,512.3,6,6,20,9
442.5,404.5,430.7,361.2,9,7,11,10
442.9,450.2,424.0,489.1,14,10,10,10
443.2,363.4,332.1,381.1,12,5,7,9
444.8,429.9,392.6,478.6,8,7,10,5
445.0,477.4,532.4,501.8,8,10,20,10
445.0,429.9,486.9,462.5,10,10,16,12
445.3,451.7,454.2,480.6,12,10,13,11
445.7,465.3,515.2,478.8,8,14,19,14
445.9,436.5,401.3,434.7,11,7,11,10
446.0,456.2,556.9,530.5,10,11,21,9
447.2,558.9,565.9,560.6,12,19,22,6
447.6,379.0,392.1,388.9,9,8,12,5
448.0,439.0,341.7,507.3,6,9,6,11
448.0,500.0,456.4,484.5,10,12,11,10
448.1,377.5,508.0,494.9,7,5,16,6
448.2,501.9,580.2,497.5,11,13,24,7
448.8,564.3,547.4,550.4,12,17,22,12
450.2,346.1,459.2,435.8,7,5,13,11
450.3,390.8,504.0,501.1,14,8,17,8
450.4,436.9,333.8,475.1,8,6,8,10
451.3,415.6,407.5,418.3,8,12,12,15
451.9,443.6,471.6,521.7,5,13,12,7
452.3,488.7,354.9,451.6,9,11,5,16
452.4,514.4,507.9,553.8,10,13,19,8
452.8,494.9,582.5,593.0,8,13,25,13
453.5,380.5,533.9,551.6,11,8,18,13
453.7,382.7,408.7,438.7,6,8,10,11
454.1,533.2,604.3,579.5,10,12,30,11
454.5,426.3,466.7,403.8,9,10,16,13
454.7,463.7,617.0,559.2,9,11,30,7
455.5,461.2,464.9,464.8,9,15,16,8
455.5,506.1,527.7,522.4,9,13,19,11
458.0,451.6,525.0,466.5,10,8,18,11
458.4,410.6,436.5,497.9,13,10,13,10
458.5,396.0,440.6,512.1,11,8,14,14
459.3,520.8,537.7,493.2,10,15,19,9
461.1,434.5,478.5,416.2,9,13,15,13
461.1,396.1,377.9,397.2,11,9,10,10
461.9,389.7,436.6,549.6,10,7,13,11
462.6,531.1,575.6,562.9,10,12,22,9
462.6,402.1,493.1,450.0,11,8,16,8
462.9,393.3,494.6,495.4,9,8,17,10
463.1,409.1,533.4,577.0,6,9,21,8
465.2,374.5,393.4,455.4,10,8,12,10
465.2,410.9,498.3,508.7,12,10,14,7
465.5,508.6,365.1,370.8,9,13,11,8
465.9,420.6,480.5,519.4,10,10,19,11
466.4,567.9,580.5,538.8,11,17,27,13
466.9,476.3,498.7,500.9,13,12,16,9
466.9,450.0,317.2,388.8,10,7,10,6
467.2,492.9,541.3,522.1,4,13,21,11
468.0,561.8,551.7,550.6,10,16,20,8
468.0,411.5,535.2,519.0,11,10,21,13
468.3,380.3,439.9,487.2,10,7,10,9
468.9,477.1,503.0,517.8,15,11,15,7
468.9,430.1,351.3,494.3,9,9,9,7
469.4,435.9,306.3,487.5,10,8,8,13
469.7,499.1,566.3,544.2,9,13,24,8
469.8,362.1,419.7,468.6,8,7,11,7
470.0,492.2,472.9,562.9,12,10,12,12
470.4,549.4,552.7,560.5,11,17,21,11
470.9,550.3,579.6,559.6,10,16,24,13
471.6,549.3,495.0,539.9,9,18,16,14
472.3,511.2,539.1,557.3,14,13,20,7
472.3,467.6,506.4,534.3,10,11,15,6
472.6,426.4,516.7,501.6,9,12,17,11
473.6,483.6,582.9,594.2,9,11,25,11
475.1,572.5,399.3,501.8,12,18,12,7
476.9,543.2,521.1,531.4,12,15,17,11
477.2,452.6,584.3,569.2,9,8,25,8
477.3,369.5,428.2,412.8,9,11,11,16
477.9,494.2,571.1,557.1,9,10,25,13
478.5,445.5,451.4,476.3,11,9,12,6
479.1,376.5,503.6,562.7,11,8,19,11
479.1,470.8,499.5,518.8,11,10,17,6
479.3,447.7,300.9,444.9,7,11,3,10
479.6,513.0,464.4,522.2,9,14,13,6
479.9,555.6,398.7,549.2,12,15,9,7
481.5,471.4,493.0,492.4,9,12,15,5
481.8,438.5,481.5,509.4,9,14,14,10
482.5,514.0,507.8,505.3,11,14,17,10
483.1,516.0,308.1,438.2,8,15,8,6
483.5,448.2,466.4,515.3,8,12,14,5
484.2,490.1,487.9,516.6,10,12,16,9
484.8,422.0,542.4,576.1,10,10,22,11
485.3,469.5,455.9,554.8,9,8,14,8
487.2,382.4,396.9,497.6,8,7,11,10
487.6,506.3,425.2,486.6,14,16,9,10
487.6,405.5,481.4,505.2,8,8,16,14
488.0,370.4,453.1,487.2,10,5,13,8
488.9,414.8,540.9,503.7,12,6,20,8
488.9,449.3,491.2,508.5,11,13,17,12
489.2,448.4,445.3,467.9,9,12,13,6
489.7,549.2,471.4,511.9,8,18,14,11
490.1,522.5,562.2,581.1,12,14,24,12
490.1,530.0,466.2,391.8,7,13,13,9
490.1,421.8,497.8,516.1,9,11,15,9
491.0,461.5,557.0,512.6,7,12,22,8
492.4,471.1,536.6,511.0,10,12,19,13
492.5,514.8,521.7,528.9,9,16,20,13
492.5,483.9,474.6,436.9,13,11,17,11
493.1,403.4,510.4,515.6,13,9,15,15
493.2,470.1,394.5,452.9,11,9,12,6
493.4,553.0,523.3,514.3,12,15,19,14
493.6,511.5,455.9,517.5,11,14,12,11
494.6,440.6,566.7,580.8,12,11,25,9
495.5,359.9,382.6,453.2,9,6,8,9
495.9,497.2,542.2,524.4,9,11,22,8
496.2,457.7,517.8,537.0,8,8,21,14
496.8,599.6,606.9,608.4,13,21,30,15
497.1,480.3,556.5,570.2,8,8,22,9
497.9,371.6,523.8,548.7,11,6,18,10
499.6,399.4,402.4,393.9,15,7,12,8
499.7,463.0,473.8,531.3,13,14,13,12
500.2,555.5,526.5,501.8,8,17,19,12
500.5,509.2,541.8,546.0,11,14,20,8
501.1,460.5,410.9,431.7,10,9,14,9
501.7,446.9,421.6,508.0,12,9,10,9
502.6,512.2,483.0,435.6,9,15,14,13
502.7,446.3,476.1,503.5,11,9,13,10
503.9,365.1,504.1,525.0,10,8,17,8
504.1,440.7,432.1,485.6,9,6,14,11
504.7,365.5,365.4,374.0,10,6,12,8
505.3,385.2,463.3,527.2,11,11,11,9
505.5,437.3,429.8,441.1,12,8,12,8
505.7,528.0,648.2,598.3,13,13,34,10
505.9,451.1,610.7,554.3,12,7,31,10
506.1,492.9,572.3,556.4,9,17,24,8
507.0,435.6,498.1,510.0,10,12,17,6
507.5,477.8,402.1,427.8,10,13,11,10
508.1,560.5,589.7,599.7,12,15,27,10
511.0,532.5,493.7,494.2,14,14,16,15
511.5,523.6,512.6,556.3,14,12,18,10
512.3,484.9,545.9,527.1,7,12,22,17
515.9,484.7,471.5,520.0,12,13,18,10
516.3,515.7,530.5,520.8,8,14,20,13
516.7,449.4,391.6,529.6,9,13,9,10
516.9,385.0,427.0,496.5,13,7,12,6
517.0,443.1,544.3,542.5,10,11,21,13
517.3,467.4,519.3,524.7,11,7,18,9
518.7,462.1,511.9,511.0,9,9,18,9
519.0,489.2,400.7,529.5,12,10,8,10
519.1,429.9,507.0,486.5,9,8,16,13
520.4,495.8,523.4,607.5,11,12,19,10
520.5,688.3,619.7,588.4,12,33,29,11
520.7,480.5,399.7,470.5,14,13,9,10
520.8,539.9,575.5,591.0,13,17,25,7
521.2,452.9,523.0,401.8,11,9,19,18
521.7,531.1,562.1,612.2,9,15,24,14
522.1,438.4,513.6,490.6,12,9,17,12
522.1,536.7,491.4,540.5,7,14,16,6
522.2,549.2,556.7,544.4,10,16,22,8
522.6,559.4,642.9,560.7,9,15,35,16
522.9,546.1,557.8,566.6,13,16,23,8
522.9,454.7,421.8,315.6,11,11,11,7
524.1,470.2,425.9,442.3,12,11,15,3
524.1,524.9,540.7,524.8,10,12,20,11
524.3,460.9,566.3,575.0,14,15,25,9
524.3,431.1,484.2,528.0,10,9,15,15
525.4,444.6,583.3,581.7,10,8,25,13
525.7,444.4,600.5,552.6,11,10,29,8
525.7,450.6,541.7,533.2,12,9,21,15
526.2,489.6,587.6,533.9,12,12,27,5
526.3,571.8,612.2,575.5,12,19,31,8
526.4,492.3,384.0,453.3,11,13,9,8
526.6,468.8,495.5,502.6,13,12,16,11
526.8,376.3,371.2,385.8,15,8,11,11
527.0,408.1,486.7,547.7,12,10,14,10
527.7,530.3,478.9,543.9,12,14,15,4
528.6,492.2,447.8,510.5,13,14,13,8
530.1,504.5,556.2,592.6,12,14,23,10
531.4,437.7,514.5,553.5,8,9,17,11
531.9,373.5,464.3,527.8,13,7,16,10
534.0,562.9,601.6,622.7,15,17,27,13
534.5,429.8,448.7,483.1,12,6,14,6
535.3,403.1,362.6,488.7,13,8,10,9
535.8,490.6,565.6,592.7,13,12,23,16
535.9,558.9,489.3,509.8,14,16,16,8
537.2,461.5,588.7,556.2,12,10,24,12
537.6,387.5,455.6,464.8,14,9,14,10
538.1,497.8,376.6,448.7,12,13,10,10
538.8,450.9,472.7,519.2,10,12,14,8
538.9,546.8,558.9,538.0,13,16,23,7
541.1,512.4,528.1,517.6,11,13,20,9
541.2,481.1,343.1,376.8,16,10,5,15
541.6,433.6,548.6,539.2,7,9,22,7
541.7,455.7,554.1,589.4,10,6,24,7
542.2,446.8,524.9,569.6,10,15,21,12
543.4,583.1,558.1,559.8,12,19,22,11
544.4,483.1,512.7,511.7,14,8,19,12
546.4,455.8,486.3,554.9,10,10,16,11
548.5,420.5,549.8,525.4,8,6,22,14
549.5,416.4,493.6,506.0,12,10,17,6
550.4,477.1,453.1,513.1,8,12,11,9
551.6,449.3,508.4,560.1,12,7,15,7
551.7,369.7,479.9,514.4,13,7,14,9
553.9,397.2,442.9,517.7,11,12,13,12
554.0,565.2,490.4,554.2,13,17,15,9
554.6,516.9,439.6,461.0,14,15,10,13
554.9,510.9,566.4,512.0,15,14,24,11
555.1,550.3,529.7,563.2,11,17,19,11
555.2,573.4,555.5,545.5,10,21,23,9
555.8,526.3,574.4,534.0,12,14,25,11
558.6,463.0,559.5,555.6,14,13,23,12
559.8,505.3,552.2,541.7,12,12,21,9
560.5,429.5,529.7,554.6,13,11,19,10
560.8,577.5,601.4,542.6,12,20,29,6
561.6,558.0,563.2,587.2,11,17,24,5
561.7,523.9,634.9,610.3,12,14,34,13
561.9,532.6,556.0,567.8,15,15,23,9
562.6,435.1,413.7,495.6,15,9,10,11
563.7,513.1,592.6,546.1,15,12,27,13
564.6,501.6,631.4,570.7,10,11,32,9
564.7,560.5,558.2,528.4,12,19,23,10
565.9,536.6,474.3,538.0,15,15,15,10
567.9,548.5,535.9,542.8,12,18,19,6
570.5,573.0,546.4,529.5,14,17,20,7
571.1,528.1,545.0,574.0,12,16,24,10
573.8,553.6,559.7,567.2,14,18,22,8
574.1,450.5,403.3,510.8,12,13,7,7
574.3,523.6,519.8,550.5,14,14,17,11
575.1,496.9,493.8,578.9,12,10,16,13
577.6,478.4,505.8,500.6,14,12,16,5
578.6,434.2,428.7,454.2,12,10,9,4
580.4,530.8,515.1,593.3,14,15,17,15
581.0,566.6,618.4,622.6,11,18,32,11
581.2,488.5,580.8,533.4,11,12,27,5
581.3,464.9,333.5,496.3,12,9,9,7
582.0,592.4,564.2,525.1,18,19,23,13
582.1,483.7,508.4,511.7,14,9,16,12
582.5,528.4,585.3,526.6,15,13,28,13
583.3,413.6,538.0,540.8,13,9,20,12
583.7,515.8,525.7,565.1,12,12,17,11
585.4,577.1,590.3,505.4,18,17,27,15
586.8,438.2,519.5,559.9,15,12,19,12
587.1,452.8,580.2,592.6,14,9,25,9
587.6,430.3,505.7,536.4,12,8,19,12
587.6,571.9,484.1,496.3,16,19,15,9
587.9,400.6,506.8,590.8,13,7,15,13
588.0,379.7,426.2,513.9,15,7,9,8
588.4,351.0,467.2,448.2,13,6,13,12
588.5,411.6,411.0,523.1,12,10,11,14
588.7,562.6,601.0,594.1,13,17,28,9
589.0,593.8,623.7,599.9,14,22,29,8
589.4,518.0,588.0,539.6,14,11,28,8
591.0,490.6,444.1,543.6,13,12,10,14
592.1,526.5,465.9,442.8,12,16,13,6
592.6,590.8,608.0,599.2,16,22,29,11
592.6,416.8,438.5,431.9,14,7,13,11
592.7,512.5,566.4,556.2,13,14,23,13
593.8,425.0,539.2,509.9,15,9,22,11
595.0,469.0,486.9,574.2,16,10,13,19
595.5,487.1,478.2,434.3,15,12,16,11
595.5,455.4,580.1,568.0,12,11,27,13
596.9,449.6,429.5,477.4,14,13,12,9
596.9,495.8,407.2,525.0,14,11,10,10
598.2,649.5,635.9,575.0,14,29,33,13
598.3,509.4,477.4,520.6,14,12,15,12
599.3,509.9,586.3,571.6,12,12,27,13
601.2,569.9,593.1,613.9,13,16,28,15
601.4,468.9,534.8,517.8,16,12,22,5
603.3,554.3,515.6,552.6,14,16,16,13
603.4,503.7,554.1,563.8,13,9,20,12
604.2,542.4,534.8,523.6,17,17,21,11
604.5,485.6,588.0,518.0,14,12,26,12
604.6,532.7,517.9,551.0,15,15,18,9
604.8,579.3,593.2,493.5,16,17,28,11
604.8,619.6,617.7,646.4,11,22,28,10
605.1,536.4,551.8,546.4,16,16,22,8
606.0,489.3,585.5,617.3,16,11,27,8
607.0,556.7,584.2,566.5,16,18,25,9
608.2,529.3,580.2,573.0,15,15,25,12
608.5,494.3,543.5,558.6,17,13,20,12
610.2,429.7,422.3,489.8,17,11,11,7
613.1,480.0,499.9,438.5,18,12,18,10
613.3,443.7,581.1,580.2,15,8,26,5
613.7,468.1,574.2,557.6,16,8,26,12
614.2,475.2,540.9,525.3,12,14,18,14
614.7,514.5,565.1,547.4,15,13,22,11
614.7,511.8,527.2,495.7,18,14,21,10
614.9,523.3,332.6,555.0,13,12,3,12
614.9,530.1,618.0,576.6,12,11,31,10
617.7,576.3,521.7,547.2,18,18,19,13
618.0,545.7,567.8,513.1,16,16,25,10
618.9,599.5,593.9,575.2,13,21,29,14
619.4,533.5,487.1,506.8,13,15,17,7
619.5,516.9,499.8,529.6,19,13,15,6
620.8,507.9,536.1,541.9,15,12,21,13
620.9,519.9,590.8,553.9,16,17,24,7
621.0,572.1,588.7,502.0,16,16,25,17
621.4,487.1,497.6,577.5,12,10,14,10
621.8,550.6,548.1,529.7,17,14,22,9
622.5,386.2,563.8,585.4,14,5,24,10
623.4,516.4,530.3,553.0,15,17,19,10
625.3,558.3,612.7,606.2,17,16,32,15
627.4,396.2,555.8,548.3,18,9,23,12
627.7,523.2,576.7,446.4,15,13,24,12
628.7,466.7,536.5,579.6,19,9,20,14
631.2,442.0,521.7,544.2,17,11,18,12
631.6,618.5,594.8,580.5,17,21,26,12
632.1,525.5,561.9,548.6,17,14,23,12
633.1,498.2,480.7,508.9,18,10,18,12
633.9,452.4,489.8,544.8,15,10,18,9
635.0,383.4,595.1,563.1,15,8,28,12
635.4,448.4,524.0,504.6,15,13,18,3
635.5,436.9,451.5,461.0,16,10,10,4
636.5,539.8,505.8,554.2,15,13,15,11
637.1,528.7,634.3,576.9,17,13,33,13
637.3,519.5,461.3,522.1,19,13,13,4
637.8,543.9,554.2,586.3,16,15,20,13
638.0,577.7,563.8,583.9,16,20,24,13
638.6,553.6,565.0,545.9,16,16,22,14
638.9,483.9,453.1,506.7,18,12,15,5
639.1,369.1,300.6,531.3,19,5,9,7
639.5,568.2,597.1,592.3,14,18,28,11
639.8,389.2,616.8,526.6,18,7,30,14
640.4,563.7,568.1,500.0,19,18,24,10
640.9,516.5,546.6,506.7,17,14,22,12
641.0,468.9,528.3,560.9,18,8,17,8
641.2,630.8,731.9,664.0,20,25,41,14
641.4,568.7,564.0,591.8,15,19,23,12
641.6,510.8,594.2,562.5,17,12,29,14
642.0,560.1,560.3,590.3,16,19,23,11
643.6,625.0,670.1,644.3,18,23,36,14
644.8,556.2,576.1,594.7,20,16,25,10
645.1,560.7,629.9,571.6,16,19,30,9
645.5,502.6,586.3,529.3,20,11,26,11
645.6,545.9,624.8,585.5,20,16,32,11
645.8,477.1,515.2,536.6,18,11,16,9
645.9,523.2,577.7,570.9,17,17,25,15
646.0,512.0,526.0,523.4,18,11,19,14
646.1,580.5,531.9,549.6,19,21,21,7
646.1,464.7,590.3,584.0,18,9,30,14
646.1,392.7,385.1,419.7,20,10,10,8
646.4,511.9,576.5,535.6,18,11,27,8
646.6,573.8,628.8,567.1,18,15,31,10
647.0,540.7,573.8,522.6,18,15,24,12
648.1,611.0,537.5,509.4,17,23,21,12
648.7,534.0,355.3,516.0,18,14,8,13
648.9,604.2,608.0,569.0,18,18,27,5
649.8,521.0,537.8,526.6,19,13,21,15
650.1,507.7,570.6,502.6,18,14,24,7
651.0,573.7,564.4,578.6,18,15,23,13
652.7,570.0,591.8,637.7,19,18,25,15
653.2,574.4,614.6,501.1,21,16,30,8
653.2,593.5,656.5,605.9,17,21,35,10
654.5,433.2,411.0,563.5,17,11,11,11
655.1,564.0,605.1,612.0,17,18,29,15
656.4,484.0,412.2,548.7,17,11,7,9
656.7,473.7,558.8,576.2,19,14,23,12
656.8,565.8,421.0,580.7,19,18,9,16
656.9,546.7,572.9,568.4,20,17,25,10
657.4,564.5,616.4,573.5,19,17,29,14
657.9,474.9,572.9,551.0,19,12,23,16
658.2,559.7,551.9,565.8,20,17,22,11
659.7,458.0,435.4,547.9,20,10,11,8
660.1,622.0,578.2,636.5,18,23,25,11
660.3,582.7,607.6,600.5,17,19,30,14
660.5,566.1,601.5,562.5,19,17,27,8
660.9,533.6,597.9,505.3,18,13,28,15
661.3,403.0,578.0,535.1,16,8,25,10
661.9,639.1,651.0,593.1,21,26,33,13
664.5,598.2,592.8,616.6,16,24,26,11
664.9,570.1,594.3,556.3,20,20,29,10
667.3,520.1,560.8,582.0,21,17,24,14
667.6,507.5,573.6,573.6,19,13,23,16
667.6,482.6,620.9,566.8,20,13,30,10
668.0,583.3,606.7,564.1,17,20,29,9
673.5,476.9,585.6,607.7,23,10,24,9
674.7,541.2,596.8,600.0,21,12,27,11
676.8,463.4,562.9,480.7,20,8,25,5
677.5,587.9,595.8,594.8,22,21,29,12
677.8,582.2,587.6,617.1,20,20,25,13
678.0,562.4,554.5,534.3,19,19,21,12
679.6,522.1,658.2,566.9,21,12,35,10
679.8,571.9,506.5,540.5,24,18,16,10
680.6,512.2,458.1,577.9,19,15,14,13
681.4,583.5,559.4,601.5,20,19,23,12
681.7,629.6,573.3,603.4,20,24,24,15
681.9,545.1,557.4,523.6,20,16,22,15
682.0,593.0,603.1,622.4,21,20,28,8
682.8,488.3,552.8,549.4,19,13,24,14
684.0,577.7,581.1,576.8,22,20,25,12
684.8,585.1,595.9,545.7,20,20,28,16
685.0,632.1,576.1,552.0,21,25,27,8
686.1,616.6,658.1,640.3,19,22,35,14
687.3,560.9,564.1,550.7,19,16,25,10
687.9,664.5,652.2,658.4,21,27,33,15
689.3,628.7,707.1,635.2,19,21,39,11
690.3,642.7,594.4,565.6,22,26,29,10
691.6,500.5,573.9,621.9,22,13,24,13
691.7,531.9,563.5,585.2,24,15,23,12
695.0,625.0,721.4,633.1,22,24,39,12
695.7,554.3,593.4,600.7,24,15,27,13
695.7,562.9,622.1,546.3,22,17,29,13
698.3,617.0,529.7,523.8,21,21,20,11
698.9,572.2,613.5,599.5,23,16,31,9
699.7,552.6,596.3,588.0,23,16,27,11
700.0,506.4,560.3,513.6,20,14,23,11
700.6,607.6,433.3,620.2,23,22,13,7
700.6,405.8,534.9,463.6,25,8,19,13
700.9,587.8,555.7,617.0,22,19,24,12
701.6,558.1,642.7,610.0,24,17,33,9
705.8,490.8,602.7,580.1,23,14,29,12
707.3,595.2,583.1,557.0,25,21,24,10
709.3,470.8,554.6,571.5,24,11,20,12
710.6,436.5,485.7,531.5,23,9,15,10
711.0,569.1,631.1,612.1,25,19,31,13
711.0,647.3,630.6,584.9,25,28,31,9
714.1,629.7,655.9,719.7,24,23,36,14
715.3,643.2,639.9,579.4,26,25,34,14
715.4,551.8,598.6,552.6,26,14,28,15
717.8,620.2,633.1,591.2,23,22,33,13
718.8,590.8,610.2,585.7,27,19,29,10
719.2,509.5,621.0,557.1,23,12,32,10
719.5,485.4,607.2,616.1,23,10,30,16
720.3,634.5,605.3,607.2,26,25,29,13
720.3,590.7,592.3,607.4,24,21,26,13
720.4,625.6,698.9,607.0,26,23,37,14
721.4,595.7,641.4,625.3,27,18,33,16
722.0,724.4,698.8,645.1,25,35,38,14
722.1,581.0,624.1,616.7,26,19,31,10
722.5,607.2,668.7,640.3,24,19,35,12
733.5,643.2,694.1,597.8,26,26,37,11
738.9,580.8,580.6,601.4,27,20,26,11
739.2,645.0,671.9,570.2,25,26,36,12
742.2,599.5,532.6,523.7,28,21,20,11
746.8,643.2,677.8,641.2,27,25,37,13
747.0,574.1,618.0,578.6,29,16,30,12
747.1,660.3,666.5,605.1,27,28,36,12
750.0,576.5,658.8,603.8,25,15,34,15
750.6,601.4,610.4,595.3,29,21,29,13
751.4,577.2,688.7,623.6,27,16,38,10
752.2,617.5,655.6,530.8,29,24,35,14
753.6,583.8,663.1,589.9,29,20,36,15
755.3,715.3,704.2,675.6,31,36,37,13
756.8,661.2,681.8,608.8,28,30,37,15
757.0,623.3,546.1,594.9,28,23,20,11
757.2,689.9,735.7,655.0,30,31,42,12
757.9,632.2,658.8,508.0,29,26,33,13
761.0,632.6,616.2,586.0,30,23,28,12
769.3,598.3,650.6,682.8,32,23,35,13
774.2,617.2,645.9,596.7,31,21,32,9
776.8,645.9,596.9,580.7,30,25,29,12
783.6,596.5,569.1,526.3,30,20,26,10
784.8,601.1,585.3,574.1,33,22,27,16
790.2,598.9,667.2,602.7,32,21,38,11
794.3,609.6,572.4,593.9,34,21,25,9
804.6,685.6,739.3,665.2,35,31,41,13
830.7,742.7,581.8,582.0,37,36,27,13
855.0,702.2,657.9,651.7,40,33,35,14
864.7,721.6,702.0,637.1,39,35,39,9
925.4,715.0,716.0,648.3,43,34,39,13
