TP_PRESENCA_LC,TP_PRESENCA_CN,TP_PRESENCA_CH,TP_PRESENCA_MT
0,0,0,0
1,1,1,1
1,1,1,1
1,1,1,1
0,0,0,0
1,1,1,1
1,1,1,1
1,1,1,1
0,0,0,0
1,1,1,1
1,1,1,1
1,1,1,1
1,1,1,1
1,1,1,1
1,1,1,1
1,1,1,1
0,0,0,0
1,1,1,1
1,1,1,1
0,0,0,0
1,1,1,1
1,1,1,1
1,0,1,0
0,0,0,0
0,0,0,0
1,1,1,1
1,1,1,1
0,0,0,0
0,0,0,0
0,0,0,0
0,0,0,0
1,1,1,1
1,1,1,1
0,0,0,0
1,1,1,1
1,1,1,1
0,0,0,0
1,1,1,1
0,0,0,0
1,1,1,1
0,0,0,0
0,0,0,0
0,0,0,0
1,1,1,1
1,1,1,1
0,0,0,0
1,1,1,1
1,1,1,1
0,0,0,0
1,1,1,1
1,1,1,1
1,1,1,1
1,1,1,1
1,1,1,1
0,0,0,0
1,1,1,1
1,1,1,1
1,1,1,1
1,1,1,1
0,0,0,0
1,0,1,0
1,1,1,1
1,1,1,1
1,1,1,1
1,1,1,1
0,0,0,0
1,1,1,1
1,1,1,1
1,1,1,1
1,1,1,1
1,1,1,1
1,1,1,1
1,1,1,1
1,1,1,1
1,1,1,1
0,0,0,0
1,1,1,1
1,0,1,0
1,1,1,1
1,1,1,1
1,1,1,1
1,1,1,1
1,1,1,1
1,1,1,1
1,1,1,1
1,1,1,1
1,1,1,1
1,1,1,1
0,0,0,0
1,1,1,1
0,0,0,0
1,1,1,1
0,0,0,0
1,0,1,0
1,1,1,1
1,1,1,1
0,0,0,0
1,1,1,1
1,1,1,1
1,1,1,1
1,1,1,1
1,1,1,1
1,1,1,1
1,1,1,1
0,0,0,0
0,0,0,0
1,1,1,1
0,0,0,0
1,1,1,1
1,1,1,1
1,1,1,1
1,1,1,1
1,0,1,0
0,0,0,0
1,1,1,1
1,1,1,1
1,1,1,1
1,1,1,1
0,0,0,0
1,1,1,1
0,0,0,0
1,1,1,1
1,1,1,1
1,1,1,1
1,1,1,1
0,0,0,0
0,0,0,0
1,1,1,1
1,1,1,1
1,1,1,1
1,1,1,1
1,1,1,1
1,1,1,1
0,0,0,0
1,1,1,1
1,1,1,1
1,1,1,1
1,1,1,1
0,0,0,0
0,0,0,0
0,0,0,0
0,0,0,0
1,1,1,1
1,1,1,1
1,1,1,1
1,1,1,1
1,1,1,1
1,1,1,1
1,1,1,1
0,0,0,0
1,1,1,1
0,0,0,0
1,1,1,1
1,1,1,1
1,1,1,1
1,1,1,1
0,0,0,0
1,1,1,1
0,0,0,0
0,0,0,0
0,0,0,0
1,1,1,1
1,1,1,1
1,1,1,1
1,1,1,1
0,0,0,0
0,0,0,0
1,1,1,1
1,1,1,1
1,1,1,1
1,1,1,1
1,1,1,1
0,0,0,0
1,1,1,1
1,1,1,1
1,1,1,1
0,0,0,0
0,0,0,0
0,0,0,0
1,1,1,1
0,0,0,0
1,1,1,1
0,0,0,0
1,1,1,1
1,1,1,1
0,1,0,1
0,0,0,0
1,1,1,1
0,0,0,0
0,0,0,0
1,1,1,1
1,1,1,1
1,1,1,1
0,0,0,0
1,1,1,1
0,0,0,0
1,1,1,1
1,1,1,1
0,0,0,0
1,1,1,1
0,0,0,0
0,0,0,0
1,1,1,1
1,1,1,1
1,1,1,1
1,1,1,1
0,0,0,0
0,0,0,0
1,1,1,1
1,1,1,1
0,0,0,0
1,1,1,1
0,0,0,0
0,0,0,0
1,1,1,1
1,1,1,1
1,1,1,1
0,0,0,0
1,1,1,1
1,0,1,0
0,0,0,0
0,0,0,0
1,1,1,1
1,1,1,1
1,1,1,1
1,1,1,1
1,1,1,1
1,1,1,1
1,0,1,0
1,1,1,1
1,1,1,1
1,1,1,1
0,0,0,0
1,1,1,1
1,1,1,1
1,1,1,1
1,1,1,1
1,1,1,1
1,1,1,1
1,1,1,1
1,1,1,1
1,1,1,1
0,0,0,0
1,1,1,1
0,0,0,0
1,1,1,1
0,0,0,0
0,0,0,0
1,1,1,1
0,0,0,0
1,1,1,1
1,1,1,1
1,1,1,1
1,1,1,1
1,1,1,1
0,0,0,0
1,1,1,1
0,0,0,0
0,0,0,0
1,1,1,1
1,1,1,1
1,1,1,1
1,1,1,1
1,1,1,1
1,1,1,1
1,0,1,0
1,1,1,1
0,1,0,1
1,1,1,1
0,0,0,0
0,0,0,0
0,0,0,0
1,1,1,1
1,1,1,1
1,1,1,1
1,1,1,1
0,0,0,0
1,1,1,1
0,0,0,0
0,0,0,0
1,1,1,1
0,0,0,0
1,1,1,1
1,1,1,1
1,1,1,1
0,0,0,0
1,1,1,1
1,1,1,1
0,0,0,0
1,1,1,1
1,1,1,1
1,1,1,1
1,1,1,1
1,1,1,1
0,0,0,0
1,1,1,1
0,0,0,0
1,1,1,1
0,0,0,0
1,1,1,1
1,1,1,1
1,1,1,1
1,1,1,1
0,0,0,0
0,0,0,0
1,1,1,1
0,0,0,0
1,0,1,0
1,1,1,1
1,0,1,0
1,1,1,1
1,1,1,1
0,0,0,0
1,1,1,1
1,1,1,1
1,1,1,1
1,1,1,1
0,0,0,0
0,0,0,0
1,1,1,1
0,0,0,0
1,1,1,1
1,1,1,1
0,0,0,0
1,1,1,1
0,0,0,0
1,1,1,1
1,1,1,1
1,1,1,1
1,1,1,1
1,1,1,1
0,0,0,0
1,1,1,1
1,1,1,1
1,1,1,1
1,1,1,1
0,0,0,0
1,1,1,1
1,1,1,1
0,0,0,0
1,1,1,1
1,1,1,1
1,1,1,1
1,1,1,1
1,1,1,1
0,0,0,0
1,1,1,1
1,1,1,1
1,1,1,1
0,0,0,0
0,0,0,0
0,0,0,0
0,0,0,0
1,1,1,1
1,1,1,1
1,1,1,1
1,0,1,0
0,0,0,0
1,0,1,0
1,1,1,1
0,0,0,0
1,1,1,1
1,1,1,1
1,1,1,1
0,0,0,0
1,1,1,1
0,0,0,0
1,1,1,1
1,1,1,1
1,1,1,1
1,1,1,1
0,0,0,0
0,0,0,0
0,0,0,0
0,0,0,0
1,1,1,1
1,0,1,0
1,1,1,1
1,0,1,0
1,1,1,1
1,1,1,1
1,1,1,1
1,1,1,1
1,1,1,1
1,1,1,1
1,1,1,1
1,1,1,1
1,1,1,1
0,0,0,0
1,1,1,1
1,1,1,1
1,1,1,1
1,1,1,1
0,0,0,0
1,1,1,1
1,1,1,1
1,1,1,1
1,1,1,1
0,0,0,0
0,0,0,0
1,1,1,1
1,1,1,1
0,0,0,0
1,1,1,1
1,1,1,1
0,0,0,0
1,1,1,1
1,1,1,1
1,1,1,1
1,1,1,1
1,1,1,1
1,1,1,1
0,0,0,0
0,0,0,0
0,0,0,0
0,0,0,0
0,0,0,0
0,0,0,0
1,1,1,1
0,0,0,0
1,1,1,1
1,1,1,1
0,0,0,0
0,0,0,0
1,1,1,1
1,1,1,1
1,1,1,1
1,1,1,1
0,0,0,0
1,1,1,1
1,1,1,1
1,1,1,1
1,1,1,1
0,0,0,0
1,1,1,1
1,1,1,1
1,1,1,1
1,1,1,1
0,0,0,0
1,1,1,1
0,0,0,0
0,0,0,0
1,1,1,1
1,1,1,1
0,0,0,0
0,0,0,0
1,1,1,1
1,1,1,1
1,1,1,1
1,1,1,1
0,0,0,0
1,1,1,1
1,1,1,1
1,0,1,0
1,1,1,1
1,1,1,1
0,0,0,0
1,1,1,1
1,1,1,1
1,1,1,1
0,0,0,0
1,1,1,1
1,1,1,1
1,1,1,1
0,0,0,0
1,1,1,1
1,1,1,1
1,1,1,1
1,1,1,1
1,1,1,1
1,1,1,1
0,0,0,0
1,1,1,1
1,1,1,1
1,1,1,1
0,0,0,0
1,1,1,1
1,1,1,1
1,1,1,1
1,1,1,1
0,0,0,0
1,1,1,1
1,1,1,1
1,1,1,1
1,1,1,1
0,0,0,0
1,1,1,1
0,0,0,0
0,0,0,0
1,1,1,1
0,0,0,0
1,1,1,1
1,1,1,1
1,1,1,1
1,1,1,1
1,1,1,1
1,1,1,1
1,1,1,1
0,0,0,0
1,1,1,1
1,1,1,1
1,1,1,1
0,0,0,0
1,1,1,1
1,1,1,1
1,1,1,1
0,0,0,0
1,1,1,1
1,1,1,1
1,1,1,1
0,0,0,0
1,1,1,1
1,1,1,1
0,0,0,0
1,1,1,1
0,0,0,0
1,1,1,1
1,1,1,1
1,1,1,1
0,0,0,0
1,1,1,1
1,1,1,1
1,1,1,1
1,1,1,1
0,0,0,0
1,1,1,1
0,0,0,0
1,1,1,1
1,1,1,1
0,0,0,0
1,1,1,1
1,1,1,1
1,1,1,1
0,0,0,0
1,1,1,1
1,1,1,1
1,1,1,1
1,1,1,1
0,0,0,0
1,1,1,1
0,0,0,0
0,0,0,0
1,1,1,1
1,1,1,1
1,1,1,1
1,1,1,1
1,1,1,1
1,1,1,1
1,1,1,1
1,1,1,1
1,1,1,1
1,1,1,1
1,1,1,1
0,0,0,0
0,0,0,0
0,0,0,0
1,1,1,1
0,0,0,0
1,1,1,1
0,0,0,0
0,0,0,0
1,1,1,1
1,1,1,1
1,1,1,1
1,1,1,1
1,1,1,1
1,1,1,1
1,1,1,1
1,1,1,1
1,1,1,1
1,1,1,1
1,1,1,1
1,1,1,1
1,1,1,1
1,0,1,0
1,1,1,1
1,1,1,1
1,1,1,1
0,0,0,0
0,0,0,0
1,1,1,1
1,1,1,1
1,1,1,1
1,0,1,0
1,1,1,1
1,1,1,1
1,1,1,1
1,1,1,1
1,1,1,1
0,0,0,0
1,1,1,1
1,1,1,1
0,0,0,0
1,1,1,1
1,1,1,1
0,0,0,0
0,0,0,0
1,1,1,1
1,1,1,1
1,1,1,1
1,1,1,1
1,1,1,1
1,1,1,1
1,1,1,1
1,0,1,0
1,1,1,1
1,1,1,1
1,1,1,1
1,1,1,1
0,0,0,0
1,1,1,1
1,1,1,1
1,1,1,1
1,1,1,1
0,0,0,0
0,0,0,0
1,1,1,1
0,0,0,0
0,0,0,0
1,1,1,1
0,0,0,0
0,0,0,0
1,1,1,1
0,0,0,0
1,1,1,1
0,0,0,0
0,0,0,0
1,0,1,0
1,1,1,1
1,1,1,1
1,1,1,1
1,1,1,1
0,0,0,0
0,0,0,0
1,1,1,1
1,1,1,1
1,1,1,1
1,1,1,1
0,0,0,0
1,1,1,1
1,1,1,1
1,1,1,1
0,0,0,0
0,0,0,0
1,1,1,1
1,1,1,1
1,1,1,1
1,1,1,1
1,1,1,1
1,1,1,1
1,1,1,1
0,0,0,0
1,1,1,1
1,1,1,1
1,1,1,1
1,1,1,1
1,1,1,1
1,1,1,1
1,1,1,1
0,0,0,0
1,1,1,1
1,1,1,1
1,0,1,0
1,1,1,1
1,1,1,1
1,1,1,1
1,1,1,1
1,1,1,1
1,1,1,1
1,1,1,1
1,1,1,1
1,1,1,1
0,0,0,0
1,1,1,1
1,1,1,1
1,1,1,1
0,0,0,0
1,1,1,1
0,0,0,0
1,1,1,1
0,0,0,0
0,0,0,0
0,0,0,0
1,1,1,1
0,0,0,0
1,1,1,1
1,1,1,1
1,1,1,1
0,0,0,0
1,1,1,1
1,1,1,1
1,1,1,1
1,1,1,1
1,1,1,1
1,0,1,0
1,1,1,1
1,1,1,1
1,1,1,1
1,1,1,1
0,0,0,0
1,1,1,1
1,0,1,0
1,0,1,0
0,0,0,0
1,1,1,1
1,1,1,1
1,1,1,1
1,1,1,1
0,0,0,0
1,1,1,1
1,1,1,1
0,0,0,0
1,1,1,1
0,0,0,0
1,1,1,1
0,0,0,0
0,0,0,0
1,1,1,1
1,1,1,1
0,0,0,0
1,1,1,1
1,1,1,1
1,1,1,1
1,1,1,1
1,1,1,1
1,1,1,1
1,0,1,0
0,0,0,0
1,1,1,1
1,1,1,1
1,1,1,1
1,1,1,1
1,1,1,1
1,1,1,1
1,1,1,1
0,0,0,0
1,1,1,1
1,1,1,1
1,1,1,1
1,1,1,1
1,1,1,1
0,0,0,0
1,1,1,1
1,1,1,1
1,1,1,1
1,1,1,1
1,1,1,1
1,1,1,1
0,0,0,0
1,1,1,1
0,0,0,0
0,0,0,0
0,0,0,0
1,0,1,0
1,1,1,1
1,1,1,1
1,1,1,1
1,1,1,1
0,0,0,0
1,1,1,1
0,0,0,0
1,1,1,1
1,1,1,1
1,1,1,1
0,0,0,0
1,1,1,1
0,0,0,0
1,1,1,1
0,1,0,1
1,1,1,1
1,1,1,1
1,1,1,1
1,1,1,1
1,1,1,1
0,0,0,0
0,0,0,0
0,1,0,1
1,1,1,1
1,1,1,1
1,1,1,1
1,1,1,1
0,0,0,0
1,1,1,1
1,1,1,1
1,1,1,1
0,0,0,0
1,1,1,1
1,1,1,1
1,1,1,1
1,1,1,1
1,1,1,1
0,0,0,0
1,1,1,1
1,1,1,1
1,1,1,1
1,1,1,1
0,0,0,0
1,1,1,1
1,1,1,1
0,0,0,0
1,1,1,1
1,1,1,1
1,1,1,1
1,1,1,1
1,1,1,1
1,1,1,1
1,1,1,1
1,1,1,1
1,1,1,1
1,1,1,1
1,1,1,1
1,1,1,1
1,1,1,1
1,1,1,1
0,0,0,0
1,1,1,1
1,1,1,1
0,0,0,0
0,0,0,0
1,1,1,1
1,1,1,1
0,0,0,0
1,1,1,1
1,1,1,1
1,1,1,1
0,0,0,0
1,1,1,1
1,1,1,1
0,0,0,0
1,1,1,1
1,1,1,1
1,1,1,1
0,0,0,0
1,1,1,1
1,1,1,1
1,1,1,1
1,1,1,1
1,1,1,1
0,0,0,0
1,1,1,1
1,1,1,1
1,1,1,1
1,1,1,1
1,1,1,1
1,1,1,1
0,0,0,0
1,1,1,1
1,1,1,1
1,1,1,1
1,1,1,1
1,1,1,1
1,1,1,1
1,1,1,1
1,1,1,1
1,1,1,1
1,1,1,1
1,1,1,1
1,1,1,1
1,0,1,0
1,1,1,1
1,1,1,1
1,1,1,1
1,1,1,1
1,0,1,0
1,1,1,1
1,1,1,1
0,0,0,0
1,1,1,1
0,0,0,0
1,1,1,1
1,1,1,1
1,1,1,1
1,1,1,1
1,1,1,1
0,0,0,0
1,1,1,1
1,1,1,1
1,1,1,1
1,1,1,1
1,0,1,0
0,0,0,0
1,1,1,1
1,1,1,1
0,0,0,0
0,0,0,0
1,1,1,1
1,1,1,1
1,1,1,1
1,1,1,1
0,0,0,0
1,1,1,1
2,1,2,1
1,1,1,1
1,1,1,1
1,1,1,1
0,0,0,0
1,1,1,1
1,1,1,1
1,1,1,1
1,1,1,1
0,0,0,0
1,1,1,1
0,0,0,0
0,0,0,0
1,1,1,1
1,1,1,1
1,1,1,1
0,0,0,0
0,0,0,0
0,0,0,0
1,1,1,1
1,1,1,1
1,1,1,1
1,1,1,1
0,0,0,0
0,0,0,0
1,1,1,1
1,1,1,1
1,1,1,1
1,1,1,1
1,1,1,1
0,0,0,0
1,1,1,1
1,1,1,1
1,1,1,1
1,1,1,1
1,1,1,1
1,1,1,1
1,1,1,1
1,1,1,1
0,0,0,0
1,1,1,1
1,1,1,1
1,1,1,1
0,0,0,0
0,0,0,0
1,1,1,1
0,0,0,0
0,0,0,0
0,0,0,0
1,1,1,1
0,0,0,0
1,1,1,1
1,1,1,1
1,1,1,1
0,0,0,0
1,1,1,1
1,1,1,1
1,1,1,1
1,1,1,1
1,1,1,1
1,1,1,1
0,0,0,0
1,1,1,1
0,0,0,0
0,0,0,0
0,0,0,0
0,0,0,0
1,1,1,1
0,0,0,0
0,0,0,0
1,1,1,1
1,1,1,1
1,1,1,1
1,1,1,1
0,0,0,0
1,1,1,1
0,0,0,0
1,1,1,1
1,1,1,1
1,1,1,1
1,1,1,1
1,0,1,0
1,1,1,1
0,0,0,0
0,0,0,0
1,1,1,1
0,0,0,0
1,1,1,1
1,1,1,1
1,1,1,1
1,1,1,1
1,1,1,1
1,1,1,1
1,1,1,1
0,0,0,0
1,1,1,1
1,1,1,1
1,1,1,1
1,1,1,1
1,1,1,1
0,0,0,0
1,1,1,1
1,1,1,1
0,0,0,0
1,1,1,1
1,1,1,1
1,1,1,1
0,0,0,0
1,0,1,0
1,1,1,1
1,1,1,1
1,1,1,1
1,1,1,1
1,1,1,1
1,1,1,1
1,1,1,1
1,0,1,0
1,0,1,0
0,0,0,0
1,1,1,1
1,1,1,1
0,0,0,0
1,1,1,1
0,0,0,0
1,1,1,1
1,0,1,0
0,0,0,0
1,1,1,1
1,1,1,1
1,1,1,1
1,1,1,1
1,1,1,1
1,1,1,1
1,1,1,1
1,1,1,1
1,1,1,1
1,1,1,1
1,1,1,1
1,1,1,1
1,1,1,1
1,1,1,1
1,1,1,1
1,1,1,1
1,1,1,1
0,0,0,0
1,0,1,0
1,1,1,1
0,0,0,0
1,1,1,1
1,1,1,1
1,1,1,1
1,1,1,1
1,1,1,1
1,1,1,1
0,0,0,0
1,1,1,1
0,0,0,0
1,1,1,1
0,0,0,0
1,1,1,1
1,1,1,1
1,1,1,1
1,1,1,1
1,1,1,1
0,0,0,0
1,1,1,1
1,1,1,1
0,0,0,0
0,0,0,0
0,0,0,0
0,0,0,0
1,1,1,1
1,1,1,1
1,1,1,1
1,1,1,1
1,1,1,1
0,0,0,0
1,1,1,1
1,1,1,1
1,1,1,1
1,0,1,0
1,1,1,1
1,1,1,1
0,0,0,0
1,1,1,1
0,0,0,0
0,0,0,0
0,0,0,0
1,1,1,1
0,0,0,0
1,1,1,1
1,1,1,1
1,1,1,1
0,0,0,0
1,1,1,1
1,1,1,1
1,1,1,1
1,1,1,1
1,1,1,1
0,0,0,0
1,1,1,1
0,0,0,0
1,1,1,1
0,0,0,0
1,1,1,1
1,1,1,1
1,1,1,1
1,1,1,1
1,1,1,1
0,0,0,0
0,0,0,0
0,0,0,0
0,0,0,0
0,0,0,0
0,0,0,0
1,1,1,1
1,1,1,1
0,0,0,0
1,1,1,1
1,1,1,1
1,1,1,1
1,1,1,1
1,1,1,1
0,0,0,0
1,1,1,1
0,0,0,0
1,1,1,1
1,1,1,1
0,0,0,0
1,1,1,1
1,1,1,1
1,1,1,1
1,1,1,1
1,1,1,1
1,1,1,1
1,1,1,1
1,1,1,1
1,1,1,1
0,0,0,0
0,0,0,0
0,0,0,0
1,1,1,1
1,1,1,1
1,1,1,1
0,0,0,0
1,1,1,1
1,1,1,1
0,0,0,0
0,0,0,0
1,1,1,1
1,1,1,1
0,0,0,0
1,1,1,1
1,1,1,1
1,1,1,1
1,1,1,1
1,1,1,1
1,1,1,1
0,0,0,0
1,0,1,0
0,0,0,0
0,0,0,0
0,0,0,0
1,1,1,1
0,0,0,0
1,0,1,0
1,1,1,1
0,0,0,0
1,1,1,1
1,1,1,1
0,0,0,0
1,1,1,1
0,0,0,0
0,0,0,0
1,1,1,1
1,1,1,1
1,1,1,1
0,0,0,0
1,1,1,1
1,1,1,1
1,0,1,0
1,1,1,1
1,1,1,1
1,1,1,1
0,0,0,0
1,1,1,1
0,0,0,0
1,1,1,1
1,1,1,1
1,1,1,1
1,1,1,1
1,1,1,1
1,1,1,1
1,1,1,1
1,0,1,0
1,0,1,0
1,1,1,1
1,1,1,1
1,1,1,1
1,1,1,1
1,1,1,1
0,0,0,0
1,1,1,1
1,1,1,1
1,1,1,1
1,1,1,1
1,1,1,1
1,1,1,1
1,0,1,0
1,1,1,1
1,1,1,1
0,0,0,0
0,0,0,0
1,1,1,1
0,0,0,0
0,0,0,0
1,1,1,1
1,1,1,1
1,1,1,1
1,1,1,1
1,1,1,1
1,1,1,1
1,1,1,1
0,0,0,0
1,1,1,1
1,1,1,1
0,0,0,0
1,1,1,1
1,1,1,1
1,1,1,1
1,1,1,1
1,1,1,1
1,1,1,1
0,0,0,0
1,1,1,1
0,0,0,0
1,1,1,1
1,1,1,1
1,1,1,1
1,0,1,0
1,1,1,1
1,1,1,1
1,1,1,1
1,1,1,1
1,1,1,1
1,1,1,1
1,1,1,1
0,0,0,0
0,0,0,0
1,1,1,1
1,1,1,1
0,0,0,0
0,0,0,0
1,1,1,1
0,0,0,0
0,0,0,0
1,1,1,1
1,1,1,1
1,1,1,1
1,1,1,1
0,0,0,0
0,0,0,0
1,1,1,1
1,1,1,1
1,1,1,1
1,1,1,1
1,1,1,1
1,1,1,1
1,1,1,1
1,1,1,1
1,1,1,1
1,1,1,1
1,1,1,1
1,1,1,1
1,1,1,1
0,0,0,0
1,1,1,1
0,0,0,0
1,1,1,1
1,1,1,1
1,1,1,1
1,1,1,1
1,1,1,1
0,0,0,0
1,1,1,1
1,1,1,1
0,0,0,0
1,1,1,1
1,1,1,1
1,1,1,1
1,1,1,1
1,1,1,1
1,1,1,1
1,1,1,1
1,1,1,1
1,1,1,1
1,1,1,1
0,0,0,0
1,1,1,1
0,0,0,0
1,1,1,1
1,1,1,1
1,1,1,1
1,1,1,1
0,1,0,1
1,0,1,0
1,1,1,1
1,1,1,1
1,1,1,1
1,1,1,1
0,0,0,0
0,0,0,0
1,1,1,1
1,1,1,1
1,0,1,0
0,0,0,0
1,1,1,1
1,1,1,1
1,1,1,1
1,1,1,1
1,1,1,1
0,0,0,0
1,0,1,0
1,1,1,1
1,1,1,1
1,1,1,1
1,1,1,1
1,1,1,1
1,1,1,1
1,1,1,1
1,1,1,1
1,1,1,1
0,0,0,0
0,0,0,0
1,1,1,1
1,1,1,1
0,0,0,0
1,1,1,1
1,1,1,1
1,1,1,1
1,0,1,0
0,1,0,1
0,0,0,0
1,1,1,1
0,0,0,0
1,1,1,1
1,1,1,1
0,0,0,0
0,0,0,0
0,0,0,0
0,0,0,0
1,1,1,1
1,1,1,1
1,1,1,1
1,1,1,1
1,1,1,1
1,1,1,1
1,1,1,1
1,1,1,1
0,0,0,0
1,1,1,1
0,0,0,0
1,0,1,0
0,0,0,0
0,0,0,0
1,1,1,1
1,1,1,1
0,0,0,0
1,1,1,1
1,1,1,1
1,1,1,1
1,1,1,1
1,1,1,1
1,1,1,1
1,1,1,1
1,1,1,1
1,1,1,1
1,1,1,1
0,0,0,0
1,1,1,1
0,0,0,0
1,1,1,1
1,1,1,1
1,1,1,1
1,1,1,1
1,1,1,1
1,1,1,1
1,1,1,1
0,0,0,0
1,1,1,1
1,1,1,1
1,1,1,1
0,0,0,0
0,0,0,0
1,0,1,0
0,0,0,0
1,1,1,1
1,1,1,1
1,1,1,1
0,0,0,0
1,1,1,1
0,0,0,0
1,1,1,1
1,1,1,1
1,1,1,1
1,1,1,1
0,0,0,0
1,1,1,1
1,1,1,1
0,0,0,0
1,1,1,1
1,1,1,1
1,1,1,1
1,1,1,1
1,1,1,1
1,1,1,1
1,1,1,1
1,1,1,1
1,1,1,1
1,1,1,1
1,1,1,1
2,0,2,0
0,0,0,0
1,1,1,1
0,0,0,0
1,1,1,1
1,1,1,1
1,1,1,1
1,1,1,1
1,1,1,1
0,0,0,0
0,0,0,0
1,1,1,1
0,0,0,0
1,1,1,1
0,0,0,0
1,1,1,1
1,0,1,0
1,1,1,1
1,1,1,1
1,1,1,1
1,0,1,0
1,1,1,1
1,1,1,1
1,1,1,1
1,1,1,1
0,0,0,0
1,1,1,1
1,1,1,1
1,1,1,1
1,1,1,1
1,1,1,1
1,1,1,1
0,0,0,0
0,1,0,1
1,1,1,1
1,1,1,1
1,1,1,1
1,1,1,1
1,1,1,1
1,0,1,0
1,1,1,1
1,1,1,1
1,1,1,1
1,1,1,1
1,1,1,1
1,0,1,0
1,1,1,1
1,1,1,1
1,1,1,1
0,0,0,0
1,1,1,1
0,0,0,0
1,1,1,1
0,0,0,0
0,0,0,0
0,0,0,0
1,0,1,0
1,1,1,1
1,1,1,1
0,0,0,0
1,1,1,1
1,1,1,1
1,1,1,1
1,1,1,1
1,1,1,1
1,1,1,1
1,1,1,1
1,1,1,1
0,0,0,0
0,0,0,0
1,1,1,1
1,1,1,1
1,1,1,1
0,0,0,0
1,0,1,0
0,0,0,0
1,1,1,1
1,1,1,1
1,1,1,1
1,1,1,1
1,1,1,1
1,1,1,1
0,0,0,0
1,1,1,1
1,1,1,1
1,1,1,1
1,1,1,1
1,1,1,1
1,1,1,1
0,0,0,0
1,1,1,1
1,1,1,1
1,1,1,1
1,1,1,1
0,0,0,0
1,1,1,1
0,0,0,0
1,1,1,1
1,1,1,1
1,1,1,1
1,1,1,1
0,0,0,0
1,0,1,0
1,1,1,1
1,1,1,1
1,1,1,1
1,1,1,1
0,0,0,0
1,1,1,1
1,1,1,1
1,0,1,0
1,1,1,1
1,1,1,1
1,1,1,1
1,1,1,1
1,1,1,1
1,1,1,1
1,1,1,1
1,1,1,1
1,1,1,1
0,0,0,0
1,1,1,1
1,1,1,1
1,1,1,1
0,0,0,0
0,0,0,0
1,1,1,1
1,1,1,1
1,1,1,1
0,0,0,0
0,0,0,0
1,1,1,1
1,1,1,1
1,1,1,1
1,1,1,1
0,0,0,0
0,0,0,0
1,1,1,1
1,0,1,0
0,0,0,0
1,1,1,1
1,1,1,1
1,1,1,1
0,0,0,0
1,1,1,1
0,0,0,0
1,1,1,1
1,1,1,1
1,1,1,1
1,1,1,1
1,1,1,1
1,1,1,1
0,0,0,0
1,0,1,0
0,0,0,0
1,1,1,1
1,1,1,1
1,1,1,1
1,1,1,1
1,1,1,1
1,1,1,1
1,1,1,1
1,1,1,1
1,1,1,1
1,1,1,1
1,1,1,1
1,1,1,1
1,1,1,1
1,1,1,1
1,1,1,1
0,0,0,0
1,1,1,1
0,0,0,0
0,0,0,0
1,1,1,1
1,1,1,1
1,1,1,1
1,1,1,1
1,1,1,1
1,1,1,1
0,0,0,0
1,1,1,1
1,1,1,1
1,1,1,1
1,1,1,1
0,0,0,0
1,1,1,1
0,0,0,0
0,0,0,0
1,1,1,1
0,0,0,0
1,1,1,1
1,1,1,1
1,1,1,1
1,0,1,0
0,0,0,0
1,1,1,1
1,1,1,1
1,1,1,1
0,0,0,0
0,0,0,0
0,0,0,0
1,1,1,1
1,1,1,1
1,0,1,0
1,1,1,1
1,1,1,1
1,1,1,1
0,0,0,0
0,0,0,0
1,1,1,1
1,1,1,1
1,1,1,1
0,0,0,0
1,1,1,1
0,0,0,0
1,1,1,1
1,1,1,1
1,1,1,1
0,0,0,0
1,1,1,1
1,1,1,1
1,1,1,1
1,1,1,1
1,1,1,1
1,1,1,1
1,1,1,1
0,0,0,0
0,0,0,0
1,1,1,1
1,1,1,1
1,1,1,1
1,1,1,1
0,0,0,0
1,1,1,1
1,1,1,1
0,0,0,0
0,0,0,0
0,0,0,0
0,0,0,0
1,1,1,1
1,1,1,1
0,0,0,0
1,1,1,1
1,1,1,1
1,1,1,1
1,1,1,1
1,1,1,1
1,1,1,1
1,1,1,1
1,1,1,1
1,1,1,1
1,1,1,1
1,1,1,1
1,1,1,1
1,1,1,1
0,0,0,0
1,1,1,1
1,1,1,1
1,1,1,1
0,0,0,0
1,1,1,1
0,0,0,0
1,1,1,1
0,0,0,0
1,1,1,1
1,1,1,1
1,1,1,1
1,1,1,1
1,1,1,1
1,1,1,1
1,1,1,1
0,0,0,0
1,1,1,1
1,1,1,1
1,1,1,1
1,1,1,1
1,1,1,1
0,0,0,0
0,0,0,0
0,0,0,0
1,1,1,1
1,1,1,1
0,0,0,0
1,1,1,1
0,0,0,0
0,0,0,0
1,1,1,1
0,0,0,0
1,1,1,1
1,1,1,1
1,1,1,1
1,1,1,1
1,1,1,1
1,1,1,1
1,1,1,1
1,1,1,1
1,1,1,1
1,1,1,1
1,1,1,1
1,1,1,1
0,0,0,0
1,1,1,1
0,0,0,0
0,0,0,0
0,0,0,0
1,1,1,1
0,0,0,0
1,1,1,1
1,1,1,1
1,1,1,1
1,1,1,1
1,1,1,1
1,0,1,0
1,1,1,1
1,1,1,1
1,1,1,1
1,1,1,1
0,0,0,0
0,0,0,0
1,1,1,1
1,1,1,1
1,1,1,1
1,1,1,1
0,0,0,0
1,1,1,1
0,0,0,0
1,1,1,1
1,1,1,1
1,1,1,1
1,1,1,1
1,1,1,1
1,1,1,1
0,0,0,0
0,0,0,0
1,1,1,1
1,1,1,1
0,0,0,0
1,1,1,1
0,0,0,0
0,0,0,0
1,1,1,1
1,1,1,1
1,1,1,1
1,1,1,1
1,1,1,1
1,1,1,1
0,0,0,0
1,1,1,1
1,1,1,1
0,0,0,0
1,1,1,1
1,1,1,1
1,1,1,1
1,1,1,1
1,1,1,1
0,0,0,0
1,1,1,1
1,1,1,1
0,0,0,0
1,1,1,1
1,1,1,1
1,1,1,1
1,1,1,1
0,0,0,0
1,1,1,1
1,1,1,1
0,0,0,0
1,1,1,1
0,0,0,0
1,1,1,1
1,1,1,1
1,1,1,1
1,1,1,1
1,1,1,1
0,0,0,0
0,0,0,0
1,1,1,1
1,1,1,1
0,0,0,0
1,1,1,1
1,0,1,0
1,1,1,1
1,1,1,1
1,1,1,1
1,1,1,1
1,1,1,1
1,1,1,1
1,1,1,1
1,1,1,1
1,1,1,1
1,1,1,1
1,1,1,1
1,1,1,1
0,0,0,0
0,0,0,0
0,0,0,0
1,1,1,1
1,1,1,1
1,1,1,1
1,1,1,1
1,1,1,1
1,1,1,1
1,1,1,1
1,0,1,0
0,0,0,0
0,0,0,0
1,1,1,1
1,1,1,1
1,1,1,1
0,0,0,0
1,1,1,1
0,0,0,0
1,1,1,1
0,0,0,0
1,1,1,1
1,1,1,1
1,1,1,1
1,1,1,1
1,1,1,1
1,1,1,1
0,0,0,0
1,1,1,1
1,1,1,1
1,1,1,1
1,1,1,1
1,1,1,1
1,1,1,1
1,1,1,1
1,1,1,1
1,1,1,1
1,1,1,1
1,1,1,1
1,1,1,1
1,1,1,1
1,1,1,1
1,1,1,1
1,1,1,1
1,1,1,1
0,0,0,0
0,0,0,0
0,0,0,0
1,1,1,1
1,1,1,1
1,1,1,1
0,1,0,1
1,1,1,1
0,0,0,0
1,1,1,1
1,1,1,1
1,1,1,1
1,1,1,1
1,1,1,1
0,0,0,0
1,1,1,1
0,0,0,0
1,1,1,1
1,1,1,1
0,0,0,0
0,0,0,0
0,0,0,0
1,1,1,1
1,1,1,1
1,1,1,1
1,1,1,1
1,1,1,1
0,0,0,0
1,1,1,1
1,1,1,1
1,1,1,1
0,0,0,0
1,1,1,1
1,1,1,1
1,1,1,1
0,0,0,0
0,0,0,0
0,0,0,0
1,1,1,1
0,0,0,0
1,1,1,1
0,0,0,0
1,1,1,1
1,1,1,1
0,0,0,0
1,1,1,1
1,1,1,1
1,1,1,1
1,1,1,1
1,1,1,1
1,1,1,1
1,1,1,1
1,1,1,1
1,1,1,1
1,1,1,1
1,1,1,1
1,0,1,0
1,1,1,1
0,0,0,0
1,1,1,1
0,0,0,0
1,1,1,1
1,1,1,1
1,1,1,1
1,1,1,1
1,1,1,1
0,0,0,0
1,1,1,1
0,0,0,0
1,0,1,0
1,1,1,1
1,1,1,1
1,1,1,1
1,1,1,1
1,1,1,1
1,1,1,1
1,1,1,1
0,0,0,0
0,0,0,0
1,1,1,1
1,1,1,1
1,1,1,1
1,1,1,1
1,1,1,1
1,1,1,1
1,1,1,1
0,0,0,0
1,1,1,1
1,1,1,1
1,1,1,1
0,0,0,0
1,1,1,1
1,1,1,1
1,1,1,1
0,0,0,0
1,1,1,1
1,1,1,1
1,1,1,1
0,0,0,0
1,1,1,1
1,1,1,1
1,1,1,1
1,1,1,1
0,0,0,0
0,0,0,0
1,1,1,1
1,1,1,1
1,1,1,1
1,1,1,1
0,0,0,0
1,1,1,1
1,1,1,1
1,1,1,1
0,0,0,0
0,0,0,0
1,1,1,1
1,1,1,1
0,0,0,0
1,1,1,1
1,1,1,1
1,1,1,1
1,1,1,1
1,1,1,1
1,1,1,1
1,1,1,1
1,1,1,1
0,0,0,0
0,0,0,0
1,1,1,1
1,1,1,1
1,1,1,1
1,1,1,1
1,1,1,1
1,0,1,0
1,1,1,1
0,0,0,0
1,1,1,1
1,1,1,1
1,1,1,1
0,0,0,0
1,1,1,1
1,1,1,1
1,1,1,1
1,1,1,1
0,0,0,0
1,1,1,1
1,1,1,1
0,0,0,0
1,1,1,1
0,0,0,0
1,1,1,1
1,1,1,1
1,1,1,1
0,0,0,0
1,1,1,1
0,0,0,0
0,0,0,0
1,0,1,0
1,1,1,1
1,1,1,1
0,0,0,0
0,0,0,0
0,0,0,0
1,1,1,1
1,1,1,1
0,0,0,0
1,1,1,1
0,0,0,0
1,1,1,1
0,0,0,0
1,1,1,1
1,1,1,1
0,0,0,0
1,0,1,0
1,1,1,1
1,1,1,1
1,1,1,1
1,1,1,1
1,1,1,1
1,1,1,1
1,1,1,1
1,1,1,1
1,1,1,1
1,1,1,1
0,0,0,0
1,1,1,1
1,1,1,1
1,1,1,1
1,1,1,1
1,1,1,1
0,0,0,0
0,0,0,0
1,1,1,1
0,0,0,0
1,1,1,1
1,1,1,1
0,0,0,0
1,1,1,1
0,0,0,0
1,0,1,0
1,1,1,1
1,1,1,1
1,1,1,1
1,1,1,1
1,1,1,1
1,1,1,1
1,1,1,1
1,1,1,1
1,0,1,0
1,1,1,1
1,1,1,1
1,1,1,1
1,1,1,1
1,1,1,1
0,0,0,0
1,1,1,1
1,1,1,1
1,0,1,0
1,0,1,0
1,1,1,1
0,0,0,0
0,0,0,0
0,0,0,0
0,0,0,0
1,1,1,1
1,1,1,1
1,1,1,1
1,1,1,1
1,1,1,1
0,0,0,0
1,1,1,1
1,1,1,1
1,1,1,1
1,1,1,1
1,1,1,1
1,1,1,1
0,0,0,0
1,1,1,1
1,0,1,0
1,1,1,1
0,0,0,0
0,0,0,0
0,0,0,0
1,1,1,1
0,0,0,0
0,0,0,0
1,1,1,1
0,0,0,0
0,0,0,0
0,0,0,0
1,1,1,1
0,0,0,0
1,1,1,1
1,1,1,1
0,0,0,0
1,1,1,1
1,1,1,1
1,1,1,1
0,0,0,0
1,1,1,1
0,0,0,0
1,1,1,1
0,0,0,0
1,1,1,1
0,0,0,0
1,1,1,1
0,0,0,0
1,1,1,1
1,1,1,1
1,1,1,1
1,1,1,1
0,0,0,0
0,0,0,0
1,1,1,1
1,1,1,1
0,0,0,0
0,0,0,0
1,1,1,1
1,1,1,1
1,1,1,1
1,1,1,1
1,1,1,1
1,1,1,1
0,0,0,0
1,0,1,0
1,1,1,1
1,1,1,1
1,1,1,1
1,1,1,1
0,0,0,0
1,1,1,1
0,0,0,0
1,1,1,1
1,1,1,1
1,1,1,1
1,1,1,1
1,1,1,1
1,1,1,1
1,1,1,1
1,1,1,1
1,1,1,1
1,1,1,1
1,1,1,1
1,1,1,1
1,1,1,1
1,1,1,1
1,1,1,1
1,0,1,0
1,0,1,0
0,0,0,0
0,0,0,0
1,1,1,1
0,0,0,0
1,1,1,1
0,0,0,0
1,1,1,1
1,1,1,1
0,0,0,0
1,1,1,1
0,0,0,0
0,0,0,0
1,1,1,1
1,1,1,1
1,1,1,1
1,1,1,1
1,1,1,1
1,1,1,1
1,1,1,1
0,0,0,0
1,1,1,1
0,0,0,0
1,1,1,1
0,0,0,0
1,1,1,1
1,1,1,1
1,1,1,1
0,0,0,0
